Dram bandwidth, Performance degradation
200 MT/s,    0.794124
400 MT/s,    0.889991
800 MT/s,    0.950275
1600 MT/s,   0.986118
