Dram bandwidth, Performance degradation
200 MT/s,    0.401085
400 MT/s,    0.617413
800 MT/s,    0.823501
1600 MT/s,    0.957972
